TI,AU,PY
THIS MAPPING STUFF COULD REALLY TAKE OFF,"COAST, STEVE",2007
WHY MASH-UPS SUCK (AND CARTOGRAPHY MATTERS),"FAIRHURST, RICHARD",2007
MAP ROOM 101,"CHILTON, STEVE",2007
BRINGING MAPS TO LIFE,"CRABTREE, BARRY",2007
STAGS - A STANDARDISED TAGGING SCHEMA FOR OSM,"ROBINSON, ANDY",2007
LIBERATING GIS FROM THE OS,"CALDER, MIKE",2007
HERE BE DRAGONS,"CHILTON, STEVE",2007
OSM AND THE ART OF BICYCLE MAINTENANCE,"CHERLDU, ETIENNE",2007
PUTTING THE MAP INTO OSM_ RENDERING GEO-DATA WITH MAPNIK,"PAVLENKO, ARTEM",2007
DEVELOPING CONCEPTS FOR AN EFFECTIVE ATLAS,"CARTWRIGHT, WILLIAM",2007
THE CATHEDRAL AND THE GPS - A PERSONAL VIEW,"PARSONS, ED",2007
ROUTE PLANNING WITH OSM DATA,"RAMM, FREDERIK",2007
NON-VEHICLE ROUTE PLANNING IN EXPERIENCE AUGMENTED NETWORKS,"HOLONE, HARALD",2007
GEOCLUE - GEOGRAPHIC INFORMATION SERVICE SYSTEM,"TURNER, ANDREW; BERGIUS, HENRI",2007
WHY IS TRACKING VEHICLES SO BLOODY HARD?,"WINSTANLEY, PHIL",2007
THE STATE OF THE NETHERLANDS,"DEKKERS, JEROEN",2007
OSM ON YOUR PHONE,"WATERS, TIM",2007
OPENSTREETMAP. A DISASTER WAITING TO HAPPEN,"MARON, MIKEL",2007
OSM AND THE PUBLIC - WHAT BARRIERS NEED TO BE CROSSED?,"HAKLAY, MUKI",2007
20 YEARS OF WEB MAPPING,"PHELAN, SEAN; MCKERRELL, JOHN",2007
THE MEGAGALACTIC SUPER VISIBLE STREETSIGN COMPANY,"BARR, ROBERT",2008
SO I HAVE ALL THIS DATA...,"CHILTON, STEVE",2008
THE STATE OF IRELAND,"BOSCH, CHRISTIAN VAN DEN; EASTON, GARETH",2008
USING CROWD SOURCE DATA IN A COMMERCIAL MAPPING API,"MCKERRELL, JOHN",2008
THE STATE OF ITALY,"CORTESI, SIMONE",2008
THE COMMERICAL VIABILITY OF OPENSTREETMAP,"FREYFOGLE, ED",2008
OPENSTREETMAP VS THE WORLD,"GRANT, DAIR",2008
ALL PRESENT AND CORRECT,"MILLER, PETER",2008
AN OPENSTREETMAP DOCUMENTARY,"BLACK, TOM",2008
STATE OF JAPAN,"MIURA, HIROSHI",2008
MAPPING BOLIVIA,"UBERHUAGA, CLAUDIA",2008
LONDON MAPPING MARATHON,"MCDONALD, SHAUN",2008
MAP WARPER,"WATERS, TIM",2008
STATE OF NORTH KOREA,"HOFF, HENK",2008
STATE OF CANADA,"WEAIT, RICHARD",2008
PYROUTELIB2,OJW,2008
THE HISTORY AND FUTURE OF MAP MAKING,AND,2008
OPEN CONTENT PRINTED TRAVEL GUIDEBOOKS USING OPENSTREETMAP (WIKITRAVEL PRESS),"PATOKALLIO, JANI",2008
OPENROUTESERVICE,"SCHMITZ, SEBASTIAN",2008
STATE OF FRANCE,"MARTINET, RENAUD",2008
OPENSTREETMAP FOUNDATION,"COLLINSON, MIKE",2008
NASTY UGLEY MUCK (ORDNANCE SURVEY),"CARPENTER, JOHN",2008
THE STATE OF THE NETHERLANDS,"HOFF, HENK",2008
THREAT ANALYSIS: THINGS THAT COULD SPOIL OUR PARTY,"RAMM, FREDERIK",2008
LIMERICKS,VARIOUS,2008
SOTM 2008,"COAST, STEVE",2008
WHAT MAP MAKER IS / IS NOT,"PARSONS, ED",2008
FEDERATING OPEN GEODATA - CAN WE CONNECT THE DOTS?,"GORMAN, SEAN",2008
OSM CYCLE MAP,"ALLAN, ANDY",2008
KRAUTSOURCING GEODATA - OR WHAT ARE THE GERMANS DOING?,"TOPF, JOCHEN",2008
PERVASIVE MEDIA AND MEDIASCAPES,"CLAYTON, BEN",2008
OPENSTREETMAP FOR NATIONAL PARK,"MIURA, HIROSHI",2008
YAHOO! GEOPLANET,"GALE, GARY",2008
TURN BASED RESTICTIONS IN OSM - THEIR APPLICATION IN ROUTING,"ILIFFE, MARK",2008
HACK WEEKEND,"EXEL, MARTIJN VAN",2008
OPENSTREETMAP AND FIELDWORK,"MARKHAM, GERVASE",2008
SERVER INFRASTRUCTURE,"SLATER, GRANT",2008
THE STATE OF SPAIN TAKE 2,"ORTEGA, IV√ÅN S√ÅNCHEZ",2008
THE PHILLIPINES - OSM AT WORK IN ASIA,"COLLINSON, MIKE",2008
MARBLE - A VIRTUAL GLOBE FOR PEOPLE,"RAHN, TORSTEN",2008
CARTOTYPE & OPENSTREETMAP,"ASHER, GRAHAM",2008
NEVER GET LOST !!!!,"WHITELEGG, NICK",2008
OSMARENDER FRONT END,"FERRARO, MARIO",2008
MAPPING INDIA 2008,"MARON, MIKEL",2008
KEYNOTE: INTRO TO OSM,"COAST, STEVE",2009
KEYNOTE: A DAY IN THE LIFE OF A MAPPER: WHY OSM MATTERS TO ME,"HOFF, HENK",2009
KEYNOTE: GEODATA CREATION: PAST PRESENT AND FUTURE,"BATTY, PETER",2009
KEYNOTE: USING OPENSTREETMAP MAPS IN FLICKR,"COPE, AARON",2009
CREATING QUALITY THE OSM WAY,"TOPF, JOCHEN",2009
OPERATING A UK WIDE MULTI MODAL JOURNEY PLANNER AND THE ROLE OF USER CONTRIBUTED DATA,"STONER, PETER; MILLER, PETER",2009
MAKING THE SWITCH TO OPENSTREETMAP,"RUTTER, JAMES",2009
YOUR FUTURE IS CUSTOMIZED,"BLACK, NICK",2009
CARTOTYPE,"MILLER, MATT",2009
FROM MAPS AND APPS TO MASHUPS AND APIS,"DUINDAM, ARIE J",2009
LOCAL TRANSPORT POSTERS,"OSBORNE, CHRIS",2009
BEYOND GOOD ENOUGH? SPATIAL DATA QUALITY AND OSM,"HAKLAY, MUKI",2009
IS VOLUNTEERED GEOGRAPHIC INFORMATION SUSTAINABLE?,"FELDMAN, STEVEN",2009
GEOGRAPHIC INTELLIGENCE VIA AN OPEN STRATEGY,"GALE, GARY",2009
THE STATE OF GERMANY,"RAMM, FREDERICK",2009
THE STATE OF CANADA,"WEAIT, RICHARD",2009
THE STATE OF UKRAINE,"SHUBOVYCH, IGOR",2009
THE STATE OF FRANCE,"LAFRAY, EMILIE",2009
COMMUNITY SMOOTHNESS,"WOOD, HARRY",2009
OPENSTREETVIEW - CROWDSOURCED STREET-LEVEL IMAGERY,"MCKERRELL, JOHN",2009
INTEGRATING OPENSTREETMAP SATELLITE IMAGERY AND CUSTOM MAPS INTO WIKIPEDIA,"FILBERT, KATIE",2009
META-MAPPING: SOME POWERFUL STYLE SHEET TECHNIQUES,"ASHER, GRAHAM",2009
FREE AND OPEN PALESTINE,"MARON, MIKEL",2009
LOCATION BASED SERVICES AND 3D VISUALIZATION BASED ON OSM,"OVER, MARTIN",2009
BUILDING A MOBILE INFORMATION SYSTEM,"SPINDLER, RICHARD",2009
OPEN PAPER MAPS,"MIGURSKI, MIKE",2009
REVIEW OF OSM RELATED PROJECTS AT LOGISIM (UPC),"FIGUERAS, JAUME",2009
OPENSTREETMAP STANDALONE SERVER AS A CORE OF SYSTEM FOR ENVIRONMENTAL DATA PUBLICATION FOR WIDE PUBLIC IN IRELAND,BLAZEJ,2009
RENDERING OSM MAPS IN YOUR BROWSER,TELS,2009
AN OPENSTREETMAP APPLICATION FOR NAVIGATING PEDESTRIAN-BASED AREAS,"SLIVINSKI, LAURA",2009
OSMFUEL: A SOCIAL APP FOR MAINTAINING FUEL STATION METADATA BY NON OSM USERS,"HOHL, ADOLF",2009
BRIDGING THE GAP: USING OSM DATA WITH GIS TOOLS,"TOPF, JOCHEN",2009
THE OSM SPIRIT,"TOPF, JOCHEN",2009
THE GOOD THE BAD AND THE UGLY,"MILLER, PETER",2009
CARTAGEN AND GSS: MAPS THAT CHANGE MOVE AND TELL STORIES,"WARREN, JEFFREY",2009
VOLUNTEER GENERATED MAPS - HOW 'VALUE' CHANGES EVERYTHING,"PARKER, CHRISTOPHER J.",2009
TWINVERSE: A VIRTUAL WORLD BASE ON MAPS,"KELLER, JOAQUIN",2009
CYCLESTREETS - UK-WIDE CYCLE JOURNEY PLANNER AND PHOTOMAP,"LUCAS-SMITH, MARTIN",2009
HOW TESTING HELPED THE API 0.6 MIGRATION,"MCDONALD, SHAUN",2009
HOW PEOPLE SEARCH FOR LOCATIONS,"FREYFOGLE, ED",2009
IMPROVE THE BOTTOM LINE WITH OPENSTREETMAP,"WEAIT, RICHARD",2009
MAKING MONEY WITH OPENSTREETMAP,"RAMM, FREDERIK",2009
FLIRTING WITH THE MUSIC INDUSTRY,"GILLAVRY, EDWARD MAC",2009
THE AFRICOVER IMPORT - LESSONS LEARNED AND NEXT STEPS,"SODEN, ROBERT",2009
A NEW WAY TO AMSTERDAM,"LARCOMBE, ANDREW",2009
THE OPEN GEO GROUP,"VLOEMANS, MARC",2009
MAPPING HISTORY (STARTING WITH MANCHESTER),"ROBERTO, FRANKIE",2009
NATIONAAL ARCHIEF: MAPPING COLLECTIVE HISTORY TOGETHER,"MACGILLAVRY, EDWARD; EXEL, THIJS VAN; MOORTGAT, JUDITH",2009
BRINGING OSM TO SCHOOLS!,"MANLEY, SARAH",2009
INTEGRATING OTHER GEO DATA WITH OSM,"NILSON, CRAGG",2009
FREEIT AND OPENSTREETMAP,"MORETTO, CRISTINA",2009
ENTERPRISE AND GOVERNMENT VISUALISATION ANALYTICS USING OPENSTREETMAP,"TURNER, ANDREW",2009
AN IPHONE APP FOR OSM EDITING,"SHANIUK, OLEG",2009
THE STATE OF ITALY,"CORTESI, SIMONE",2009
THE STATE OF THE USA,"MUNSON, DIRK",2009
THE STATE OF SPAIN,"ORTEGA, IV√ÅN S√ÅNCHEZ",2009
ADVANCED OSM CARTOGRAPHY,"ALLAN, ANDY",2009
OPENSTREETMAP ‚Äì READY FOR BUSINESS!,"M√úLLER, DR.-ING. ROGER",2010
HOW I BUILT A LOCATION-BASED SOCIAL APP,"MCKERRELL, JOHN",2010
OPENSTREETMAP MONETIZATION,"PETERSEN, CHRISTIAN O.",2010
OSM AT AOL LOCAL,"MEECH, RANDY",2010
OSM AND THE LAW: ENEMIES,"JANSSEN, FRIENDS OR SOMETHING IN BETWEEN?,KATLEEN",2010
OSM ON OLPC‚ÄôS XO IN PRIMARY SCHOOLS,"RIEFFEL, PHILIPPE",2010
DISTRIBUTED BULK RENDERING ON THE AMAZON CLOUD,NOGAGO,2010
INTEGRATING MAPS INTO OPENNMS NETWORK MANAGEMENT,OPENNMS,2010
TAKING GPS NAVIGATION FROM COMMERCIAL MAPS TO OSM,SKOBBLER,2010
INTEGRATING REAL-TIME BUS-TRACKING WITH PEDESTRIAN NAVIGATION,"IRELAND, NATIONAL UNIVERSITY OF",2010
WHO ARE THE MAPPERS AND WHY DO THEY MAP IN OPENSTREETMAP?,"BUDHATHOKI, NAMA RAJ; HAKLAY, MUKI; NEDOVIC-BUDIC, ZORICA",2010
OSM IN A MOBILE AUGMENTED REALITY GAME,"LAINESTE, JAAK",2010
DATA VALIDATION OF CROWD SOURCED DATA,"CHELL, BOB",2010
UNCOMMON OPERATING PICTURE: USING OSM FOR HUMANITARIAN RESPONSE,"CROWLEY, JOHN",2010
MAPPING FOR THE MASSES,CLOUDMADE,2010
EXTEND OSM WITH CONFIGURABLE SOLUTIONS,GEO.ME,2010
DESIGN,"CIEP≈ÅUCH, SETUP AND MANAGEMENT OF SPATIAL PLATFORM,B≈ÅA≈ªEJ",2010
RESOLUTION INDEPENDENT MAPS ON THE IOS PLATFORM,"BRACKETS, CURLY",2010
MAP KIBERA ‚Äì MAPPING ONE OF AFRICA‚ÄôS LARGEST SLUMS,"MARON, MIKEL",2010
FROM ARKANSAS TO AFGHANISTAN ‚Äì OPEN DATA SHARING AND COLLABORATION FOR BETTER ENGAGEMENT,"CHAPMAN, KATE",2010
STATE OF OSM,"COAST, STEVE",2010
OSM AND THE TYRANNY OF PLACE,"HAKLAY, MUKI; BUDHATHOKI, NAMA RAJ",2010
FROM THE OUTSIDE LOOKING IN,"BLACK, NICK",2010
LOCAL KNOWLEDGE AND GLOBAL SEARCH,"QUINLAN, MATTHEW",2010
PARTY TIME! GOOD AND BAD WAYS TO RUN MAPPING PARTIES,"WOOD, HARRY",2010
OUTREACH TO NON-TECHNICAL COMMUNITIES,"CLAY, THEA",2010
LIBERO ACCESSO‚Ä¶ ‚Äì MAPPING THE ACCESSIBILITY,"GADENZ, SIMONE",2010
MAPS FOR BLIND AND VISUALLY IMPAIRED PEOPLE,LULU-ANN,2010
OSM WITHOUT DELAY,"AMOS, MATT",2010
EFFICIENT PROCESSING OF OSM XML USING JAVA,"YING, FANGLI; MOONEY, PETER; CORCORAN, PADRAIG",2010
TUNING THE MAPNIK RENDERING CHAIN,"RAMM, FREDERIK",2010
OSMTRACK ‚Äì TOWARDS THE BEST IPHONE APP FOR ADDING ROADS,"TOROPOV, DMITRI",2010
OSM AND THE ART OF MOTORCYCLE MAINTENANCE,"EXEL, MARTIJN VAN",2010
TAG CENTRAL: A SCHEMA FOR OSM,"EARL, DAVID",2010
IS OSM GOOD ENOUGH FOR AUTOMOTIVE ADAS APPS?,"TOROPOV, DMITRI",2010
THE PROBLEM WITH METADATA,"KENNELLY, CHARLES",2010
CAN WE LOOK AT YOUR POLYGONS?,"MOONEY, PETER",2010
CORINE AND BMO IMPORT ‚Äì CONCLUSIONS,"LAFFRAY, EMILIE",2010
GEOVELO,"SAUVANET, A ROUTE PLANNER FOR BICYCLE,GA√ãL",2010
OPENTRAILVIEW: STREETVIEW FOR PATHS AND TRAILS,"WHITELEGG, NICK",2010
AD-HOC MAP RENDERING ON MOBILE DEVICES,"BROSS, J√úRGEN",2010
ERICSSON LABS ‚Äì A TOOLBOX FOR MAP APPLICATION INNOVATION,"CARLSSON, RICHARD",2010
WHAT I‚ÄôD LIKE TO DO WITH MAPNIK,"CHILTON, STEVE",2010
VERNACULAR MAPPING AND THE ETHICS OF WHAT COMES NEXT,"GERLACH, JOE",2010
WHAT I LEARNED MAKING A REAL MAP ON REAL PAPER FOR REAL PEOPLE AND REAL MONEY,"EARL, DAVID",2010
MAPOSMATIC: CITY MAPS FOR THE MASSES,"PETAZZONI, THOMAS; PETAZZONI, MAXIME",2010
GROUNDING THE OSM PROJECT: THE HUMANITARIAN OSM TEAM IN HAITI,"CHAVENT, NICOLAS",2010
OSM INTEGRATED WITH GEOCOMMONS OFFLINE FOR HUMANITARIAN RESPONSE,"CHAPMAN, KATE",2010
BE A MAPPER,"WEAIT, RICHARD",2011
AN OPEN ROAD MAP FOR OPENSTREETMAP,"MCDEVITT, PATRICK",2011
ADDING VALUE TO OUR DATA: USING OSM IN OUR COMMERCIAL PRODUCTS,"MCCORMICK, COLEMAN",2011
LANDMARKS IN OSM,"WINTER, STEPHEN",2011
WHERE THE STREETS HAVE NO NAME,"KASTL, DANIEL",2011
CROWD SOURCED OPEN GEODATA: NEXT GENERATION INFORMATION POVERTY SOLUTIONS FOR DEVELOPING NATIONS,"DEBQIUE, STEPHEN",2011
WHAT IS OPEN AND WHAT IS FREE IN OGC OSGEO AND OSM,"CHRISTL, ARNULF",2011
MAPPING THE FUTURE,"COAST, STEVE",2011
OPENSTREETMAP PAST_ PRESNET AND FUTURE,"BATTY, PETER",2011
JAPAN 3/11 ‚Äì OSM IN JAPAN BEFORE AND AFTER THE TSUNAMI,"KASTL, DANIEL; OSMFJP",2011
THE MAPS ARE AVAILABLE NOW LET'S USE THEM,"MIU, MIHAL",2011
BUILDING EFFICIENT MAP APPS USING OSM VECTOR SOURCE DATA,"HAVNOR, MARTIN",2011
INDOOR AR AUDIO NAVIGATION,"LEMORDANT, JACQUES",2011
NEWSCOOP AND OSM-POWERED GEOLOCATION DATA FOR NEWS ARTICLES,"ARELLANES, DOUGLAS",2011
AIRBORNE LAW ENFORCEMENT AND OSM,"CHURCHILL, THOMAS",2011
USING OPENSTREETMAP FOR LOGISTICS AND PLANNING,"ABELSHAUSEN, BEN",2011
WALKING PAPERS TWO YEARS ON,"MIGURSKI, MICHAL",2011
WHAT'S NEW IN POSTGRESQL 9.1,"SINGER, STEVE",2011
JAPAN EARTHQUAKE AND ACTIVITIES,"MIURA, HIROSHI",2011
OPEN TRAILS AUGMENTED REALITY FOR WALKERS,"WHITELEGG, NICK",2011
SHIELDS UP!,"WEAIT, RICHARD",2011
THE USE OF OSM REGISTERING NIGHTTIME ISS PHOTOGRAPHS,"LIU, QING",2011
BLOSSOMS WEEDS AND BLADES OF GRASS - GROWING THE MAP,"WOOD, HARRY",2011
LEARN TO USE ARCGIS TOOLS FOR OSM,"PASCUAL, AL",2011
OSM AND THEMATIC MAPPING MADE PRETTY,"HELM, CHRISTOPHER",2011
OSM BRIGHT: A TEMPLATE FOR BEAUTIFUL MAPS,"ASHTON, AJ",2011
PIECEMEAL GEODATA,"MIGURSKI, MICHAL",2011
CALCULATING MAPPING TASKS USING WEB MINING TECHNIQUES,"ROCHA, JORGE GUSTAVO",2011
INSERT COIN TO PLAY,"EXEL, MARTIJN VAN",2011
ADDRESS HUNTER,"KANDAL, PHILIPP",2011
ASSESSING GEOSPATIAL LEARNING ASPECTS IN DIGITAL MAPS,"RIEFFEL, PHILIPPE",2011
HAS OSM OPENED THE UK STREET MAP? IF NOT WHY NOT?,"BARR, BOB",2011
WELCOME KEYNOTE,"COAST, STEVE",2012
THE COLLABORATION OF YAHOO JAPAN AND OSM NOW AND THE FUTURE,"MURAKAMI, SHIN",2012
OPENSTREETMAP AND THE HEAVY RAINFALL DISASTER IN THE MOUNTAINOUS AREA OF NARA JAPAN; INTRODUCTION OF CREATING A PUBLIC RELATIONS DISASTER INFORMATION SITE QUICKLY USING THE OSM,"NISHIMURA, YUICHIRO; KAYAMA, YOICHI",2012
OSM IN AFGHANISTAN,"TASAL, HAMEED",2012
FUKUSHIMA MAPPING BEFORE AND AFTER THE DISASTER; OSM IMPORT DATA RESOLVE,"INOUE, KINYA; HAYAKAWA, TOMOMICHI",2012
THE POSSIBILITY DISASTER RESTORATION; GROWING OSM BASE CAMP IN JAPAN,"SETO, TOSHIKAZU; SEKI, HARUYUKI; FURUHASHI, TAICHI",2012
HOW CAN WE HELP ARCGIS EDITOR FOR OSM FOR CRISIS WORKFLOWS; LARGE SCALE COLLABORATIVE MAPPING IN JAKARTA,"SOGAWA, ATSUMI; PUTTEN, KRISTY VAN",2012
TESTING OSM‚ÄôS EXPRESSIVENESS AND APPEAL MAPPING A CITY BEING REBUILT; STATE OF THE HUMANITARIAN OPENSTREETMAP TEAM,"BARNES, HUGH; CHAPMAN, KATE",2012
CLEAN UP THE WORLD WITH LETSDOITWORLD ORG,"LAINESTE, JAAK",2012
WHEELMAP,"KRAUTHAUSEN, RAUL",2012
DETECTION OF COMPLEX JUNCTIONS IN OSM DATA FOR AUTOMOTIVE NAVIGATION APPLICATIONS,"BRUNNER, DOMINIK",2012
KAOHSIUNG CITY BUS ROUTING SYSTEM; OPENSCIENCEMAPS MULTI-SCALE VECTOR TILE MAPS,"LIU, CHINE-HUNG; SCHMID, FALKO",2012
BUILDING CAR NAVIGATION WITH OSM; STATE OF FRANCE,"KANDAL, PHILIPP; LAFFRAY, EMILIE",2012
USING OPENSTREETMAP ROAD NETWORK DATA FOR EMERGENCY ROUTING; OPEN DATA ON THE OPEN PLATFORM,"CHOOSUMRONG, SITTICHAI; ITO, MASAKI",2012
IXE FROM WEB TO URBAN NAVIGATION; INTEGRATING OSM WITH TRADITIONAL & ENTERPRISE GIS WORKFLOWS,"LEMORDANT, JACQUES; JOHNSON, JEFFREY",2012
THE API OPENSTREETMAP FR EXPERIMENT; STATE OF THE UNIVERSITY SCHOOL GIS EDUCATION USING OPENSTREETMAP,"QUEST, CHRISTIAN; NISHIMURA, YUICHIRO",2012
ROUTING ON THE DAILY PLANET; RECONSTRUCTION OF PEOPLE FLOW IN BIG CITIES USING OSM DATA,"LUXEN, DENNIS; SEKIMOTO, YOSHIHIDE",2012
TRAFFIC ON OSM; OSM & DIY GPS LOGGER,"PETERSON, RYAN; TANAKA, TOSHIHISA",2012
ALL PRESENT AND CORRECT,"MILLER, PETER",2012
PARKING MAP MAKE AND BREAK STUFF,"DRANGMEISTER, KAY",2012
OSM PIRATE OR PILOT,"BARR, BOB",2012
MAKING A BETTER MAP IMPROVING OPENSTREETMAP WITH FOURSQUARE; GEOSNACHING A SOCIAL GAME FOR COMMUNITY MAPPING AND OPEN MULTIMEDIA DATA GENERATION,"BARTH, ALEX; CHATTOPADHYAYA, ISHAN",2012
MAPPING OF HISTORICAL PLACES IN JAPAN; RAILWAY=SUBWAY!,"INOUE, KINYA; BOZON, NICOLAS",2012
LINKING WIKIPEDIA AND OTHER WIKMEDIA PROJECTS WITH OPENSTREETMAP; USING TILEMILL TO DESIGN BEAUTIFUL MAPS,"FILBERT, KATIE; K√ÑFER, KONSTANTIN",2012
MAPIT BARRIER-FREE MICRO-MAPPING WITH LOW-COST SMARTPHONES; OPTIMISING THE MAPNIK OSM2PGSQL RENDERING TOOLCHAIN,"SCHMID, FALKO; RAMM, FREDERIK",2012
GSI‚ÄôS ACTIVITIES FOR GEOSPATIAL INFORMATION APPLICATIONS,"MURAKAMI, HIROSHI",2012
OPENSTREETMAP EDITOR,"LAFFRAY, EMILIE",2012
YOU KNOW WHEN YOU ARE ADDICTED TO OSM WHEN‚Ä¶,"WATERS, TIM",2012
THE OPENSTREETMAP REVOLUTION,"COAST, STEVE",2013
OPENSTREETMAP: FIT FOR BUSINESS USE,"MILLER, PETER",2013
THE COMMERCIAL USE OF OSM: HOW TO FOSTER GREATER COLLABORATION BETWEEN THE COMMERCIAL USERS AND BROADER OSM COMMUNITY,"EXEL, MARTIJN VAN",2013
LESSONS FROM THE CROWD: HOW TO BE TRULY AUTHORITATIVE,"HAAR, PETER TER",2013
THE STRUGGLE OF SHARE-ALIKE,"SPIGT, ARJAN",2013
HOW AND WHY GOVERNMENTS SHOULD USE (AND ARE USING) OPENSTREETMAP MORE,"LANCASTER, PETE",2013
OSM-GB: EXAMINING THE DYNAMICS OF OSM,"MORLEY, JEREMY",2013
NATIONAL TRUST: THE EXPLORATORY JOURNEY WE‚ÄôVE BEEN ON WITH OSM,"DAVIES, HUW",2013
OSM AS A BASE LAYER IN A OPEN LINKED DATA DISTRIBUTION PLATFORM,"SPAAN, BERT",2013
SEEING THE LIGHT: UNEXPECTED WAYS TO USE OPEN DATA FOR OSM,"CLOUGH, JERRY",2013
ANNOTATING THE MAP FOR THE UNIVERSITY OF CAMBRIDGE,"EARL, DAVID",2013
HOW TO BUILD A SMARTER CITY: DESIGN PRINCIPLES FOR DIGITAL URBANISM,"ROBINSON, RICK",2013
OPEN HISTORICAL MAP: RE-USING OUTDATED INFORMATION,"EVANS, DAVID",2013
OSM2WORLD: 3D RENDERING FOR OPENSTREETMAP,"KNERR, TOBIAS",2013
MORE THAN A ROUTER: CREATING AN ECOSYSTEM OF PRODUCTS USING,"LUCAS-SMITH, MARTIN",2013
WHAT CAN GOVERNMENT LEARN FROM OSM,"RODEN, BILLY",2013
LOWERING THE TECHNICAL BARRIER TO USING OSM,"FREYFOGLE, ED",2013
FIXMYBARANGAY: OSM IN CEBU PHILIPPINES,"WHITELAND, DAVE; TAYLOR, NEIL",2013
THE STORY BEHIND MICHELIN'S FIRST OSM BASED MAP,"QUEST, CHRISTIAN",2013
WIKIMAPS,"√ÖN√ÑS, SUSANNA",2013
STATE OF THE HUMANITARIAN OPENSTREETMAP TEAM,"CHAPMAN, KATE",2013
OSM AND DISABILITY: BEYOND WHEELCHAIR=*,"QUEST, CHRISTIAN",2013
OPEN ADDRESSING: THE LAST FRONTIER,"BARR, ROBERT",2013
FIXMYPATHS: A NATIONWIDE PATH REPORTING SYSTEM,"WHITELEGG, NICK",2013
THE OPENDATA POSTCODE FINDER,"WILLIAMS, MATT",2013
OSM COUNCIL USE: UK LOCAL GOVERMENT ROUNDUP,"SLADEN, PAUL",2013
A SURVEY OF INDIAN ADDRESS FORMATS: A GEOCODING CHALLENGE,"JHA, MITALI",2013
CHANGING THE RATIO OF OPENSTREETMAP COMMUNITIES,"WRIGHT, ALYSSA",2013
YOU ARE NOT THE CROWD,"FAIRHURST, RICHARD",2013
ZONE DE COMBAT,"CLOUGH, JERRY",2013
BREWCAMP: WHERE ELSE ARE YOU DOING IT,"CARR, JUDITH",2013
SIGNALS AND NOISES: A LOOK AT OPENSTREETMAP THROUGH ITS MAILING LISTS,"RAMM, FREDERICK",2013
MAPPING WESTERN AFRICA,"CHAVENT, NICOLAS",2013
THE COLLABORATION NETWORK IN OSM: THE CASE OF ITALY,"NAPOLITANO, MAURIZIO",2013
MAPPING FOR CHANGE WITH COMMUNITY GROUPS IN SCOTLAND,"FOSTER, TIM",2013
UMAPPIN: OSM DATA BASED SOCIAL NETWORK,"PIJOAN, ANDER",2013
THE MAP IS NOT WHAT'S THERE: PSYCHOGEOGRAPHY AND OSM,"WATERS, TIM",2013
THOSE 3% FEMALE OPENSTREETMAP MAPPERS,"SCHMIDT, MANUELA; KLETTNER, ILVIA; STEINMANN, RENATE; H√ÑUSLER, ELISABETH; LIN, YUWEI",2013
OSMOSE: A QUALITY ASSURANCE TOOL,"RODRIGO, FRED√âRIC",2013
THE BRONZE AGE OF OPENSTREETMAP,"ZVEREV, ILYA",2013
USING THE HISTORY OF OSM FOR QUALITY ASSESSMENT,"BARRON, CHRISTOPHER",2013
CUSTOMIZABLE INTERACTIVE AUDIO RENDERING OF OSM MAPS,"LEMORDANT, JACQUES",2013
OPENDATA: IMPORTS AND AFTER...,"QUEST, CHRISTIAN; RODRIGO, FRED√âRIC",2013
HOW OSM HAS CHANGED MY LIFE: A NEWBIE'S PERSPECTIVE OF RURAL MAPPING IN THE UK,"IBBETT, DUDLEY",2013
EVOLVING THE MAP TO COMPLETENESS,"COLLINS, GUY",2013
AUGMENTED AND VIRTUAL REALITY FOR HIKERS: RECENT WORK,"WHITELEGG, NICK",2013
CHANGE IS RELATIVE: PERSISTENCE IN URBAN ENVIRONMENTS,"CLOUGH, JERRY",2013
HOW A MAP CAN GO VIRAL (IN 8 SIMPLE STEPS),"GALE, GARY",2013
MAPPING FOR TRANSITION: COMPARISONS WITH THE OSM COMMUNITY,"COLLINS, GUY",2013
GEOCODING WITH SOLR,"LINGG, CHRISTOPH",2013
CHANGE RECRUITMENT: MIX AND MATCH WITH CITIZEN SCIENTISTS AND ENVIRONMENTAL VOLUNTEERS,"GLIOZZO, GIANFRANCO",2013
ENGLAND CYCLING DATA PROJECT (SHORT TALK),"LUCAS-SMITH, MARTIN",2013
LIFE IS A GAME (SHORT TALK),"KELLER, STEFAN",2013
PUTTING THE CARTO INTO OPENSTREETMAP CARTOGRAPHY,"ALLAN, ANDY",2013
OSM AND MICRO MOBILITY: MAPPING TACTILE PAVEMENTS WITH SCOOTERS,"MICHEL, THIBAUD",2013
HAPTOMAI: AN ONLINE SERVICE FOR CUSTOMIZABLE TACTILE MAPS,"GRAF, CHRISTIAN; WIPPICH, FRANK",2013
VISUALISING PROGRESS,"RETHANS, DERICK",2013
OPENSTREETMAP IN TRADITIONAL DEVELOPMENT AND HUMANITARIAN ORGANIZATIONS,"CHAPMAN, EXTENDED SESSION,KATE",2013
REFINING A VISION FOR OPENSTREETMAP.ORG,"FIREBAUGH, JOHN",2013
MANAGING OSM DATA ON WINDOWS: ADMIT IT_ YOU KNOW YOU WANT TO,"LARSEN, SAM",2013
TUBE TO CHUNNEL: UNDERGROUND MAPPING,"SLADEN, PAUL",2013
EFFICIENT HOUSE NUMBER MAPPING WITH KEYPAD-MAPPER 3,"SEMM, MARKUS",2013
USE OF UAV IN HAITI,"MOINE, FREDERIC",2013
WHAT DOES THE FUTURE HOLD FOR TRADITIONAL STYLE MAPPERS,"INOUE, KINYA",2013
HOW DOES A GLOBAL NAVIGATION SATELLITE KNOW WHERE IT IS_ TO TELL YOU WHERE YOU ARE,"WASS, MARTIN",2013
SOTM BY BOAT: MAPPING THE CANALS AND WATERWAYS,"SLADEN, PAUL",2013
API 0.7; OR,"AMOS, THE WHALE,MATT",2013
MAPIT GLOBAL: EASY LOOKUP OF BOUNDARIES IN OSM,"LONGAIR, MARK",2013
INSIDE OVERPASS API,"OLBRICHT, ROLAND",2013
GAMIFYING MAP IMPROVEMENTS,"RETHANS, DERICK",2013
TILEMAN: NEW ALTERNATIVE TO SERVE OSM TILES,"MIURA, HIROSHI",2013
OSM TAGMEMORY: GAMES FOR EDUCATION,"FURUHASHI, TAICHI",2013
OPENSTREETMAP CORE ARCHITECTURE AND DEVOPS,"SLATER, GRANT",2013
HIGH PERFORMANCE OSM DATA MANIPULATION WITH OSMIUM,"TOPF, JOCHEN",2013
THE STATE OF SCOTLAND,"FLEMING, CHRIS",2013
OSMSHARP: UNLEASHING THE BEST OF OSM USING C#/MONO/.NET,"ABELSHAUSEN, BEN",2013
STATE OF THE MAP: SLOVAKIA,"P√ÅLEN√çK, MICHAL",2013
STATE OF WIKIDATA,"FILBERT, KATIE",2013
THE STATE OF IRELAND,"CANTWELL, RICHARD",2013
DATA COHERENCE BETWEEN OSM AND WIKIPEDIA,"CONSONNI, CRISTIAN",2013
EMPOWERING COMMUNITIES THROUGH CITIZEN SCIENCE MAPPING,"GEORGIE, PAUL",2013
‚ÄúDAD_ WHICH ZOOM LEVEL CORRESPONDS TO ONE INCH TO THREE FURLONGS AGAIN?‚Äù: IMPLICIT SCALE IN THE OSM DATASET,"REIMER, ANDREAS",2013
NOMINATIM: BEHIND THE SCENES,"HOFFMANN, SARAH",2013
TOWARDS AN AREA DATATYPE FOR OSM,"TOPF, JOCHEN",2013
PROPOSAL FOR A MOBILE APP PRIZE,"WOOD, HARRY",2013
DIY OSM PBF VECTOR TILES,"RENNER, NORBERT",2013
PROVINCIA DE R√çO NEGRO,"RAFFO, FERNANDO; UMA√ëA, FERNANDO JAVIER; CEM, ALUMNOS DEL",2014
THE FOURTEEN-BILLION DOLLAR MAP_ OR CARTOGRAPHY IN A RAPIDLY CHANGING CITY_ AND WHY IT MATTERS,"MUSTARD, AMBASSADOR ALLAN",2016
OPENSTREETMAP ANALYTICS,"GIOVANDO, CRISTIANO",2016
OPENSOLARMAP_ CROWDSOURCING AND MACHINE LEARNING TO CLASSIFY ROOFS,"BLANCARD, MICHEL",2016
NICARAGUA'S NEW CROWD-SOURCED BUS MAP_ LESSONS LEARNT,"MAYORGA, EDUARDO AUGUSTO; DELATTRE, FELIX",2016
A LOVE-LETTER TO OSM_ GREETINGS FROM BRUSSELS,"BRUSSELMAN, PIETER",2016
ENERGISE YOUR COMMUNITY WITH FOCUSED PROJECTS,"PRANGLE, BRIAN",2016
OSM GOES INDOORS_ WHY SNCF TRANSILIEN MAPPED 388 TRAIN STATIONS WITH OPENSTREETMAP,"GUTTON, CYNTHIA",2016
INVESTING IN OSM COMMUNITIES TO BUILD RESILIENCE,"DEPARDAY, VIVIEN",2016
OSM GOES INDOORS_ USAGES,"RICHE, TOOLS AND PROSPECTS,ANTOINE; PAVIE, ADRIEN",2016
VECTOR TILES FROM OPENSTREETMAP,"MARTINELLI, LUKAS",2016
OPEN IMAGERY MATTERS_ REMOTE MAPPING WITH OPENAERIALMAP,"SILVA, DANIEL DA",2016
A MAP OF OPENSTREETMAP,"MARON, MIKEL",2016
STATE OF OSRM,"UHLE, JOHAN",2016
WEEKLYOSM_ WHY HOW WHAT WHERE AND WHERE WE GO,"REITER, MANFRED; BARROSO, LAURA",2016
CONVERTING A REGULAR CARTO PROJECT TO VECTOR TILES_ OSM-CARTO CASE STUDY,"MCCANN, RORY",2016
IS SHE A PART OF YOUR COMMUNITY?,"C, SRRAVYA",2016
SQL ALL THE THINGS_ EXPOSING OSM DATA SERVICES TO POSTGRESQL USERS,"SANZ, JORGE",2016
GARDENING OSM DATA WITH OVERPASS API,"OLBRICHT, ROLAND",2016
TILES UNDER HEAVY ARTILLERY_ SERVING ONE BILLION MAPS PER MONTH,"ORTOLA, LOIC",2016
STATE OF THE LICENCE,"POOLE, SIMON",2016
A STROLL THROUGH THE HIDDEN CORNERS OF TAGINFO,"TOPF, JOCHEN",2016
TRENDING PLACES ON OPENSTREETMAP,"KELLER, STEFAN",2016
THE WORLD WE WANT_ OPENSTREETMAP AND THE SUSTAINABLE DEVELOPMENT GOALS,"RADFORD, TYLER",2016
USING BIG DATA TO HELP US IMPROVE THE MAP,"JANCSO, BEATA",2016
BUILDING LARGE-SCALE CROWDSOURCING COMMUNITIES WITH THE HUMANITARIAN OPENSTREETMAP TEAM,"DITTUS, MARTIN",2016
TRACKING OPENSTREETMAP CHANGES_ MERGING CHANGESET AND METADATA TOGETHER FOR IMPROVED CHANGE TRACKING,"MORIARTY, DYLAN",2016
STATE OF WEST AFRICA,"N'DIAYE, MOHAMET LAMINE; SOUNGALO, DIBLONI INNOCENT",2016
CAMP-MAPPING IN GREECE,"HOFF, HENK",2016
MAPCONTRIB_ THEMATIC OPENSTREETMAP CONTRIBUTION,"AMAT, GUILLAUME",2016
OPENSCHOOLSKENYA,"MUINDI, ZACHARIA",2016
THE MINIMALIST OSM BUILDING EDITOR,"MARSCH, JAN",2016
MAPPING IRELAND'S 61_000 ADMINISTRATIVE BOUNDARIES,"MCCANN, RORY",2016
PORTABLE OSM_ INTO THE DISCONNECTED WILDS,"EROS, EMILY",2016
WATCHING FOR VANDALISM,"ANWAR, SAJJAD",2016
TEACHOSM_ HARNESSING THE POWER OF OPENSTREETMAP FOR GEOGRAPHY EDUCATION,"CAWLEY, MAGGIE",2016
TRACE FROM SPACE_ INTERNATIONAL VERSION,"BULLOCK, KEVIN",2016
MAP IT FORWARD_ INCORPORATING OSM INTO THE UNIVERSITIES CURRICULUM,"HARGYONO, VASANTHI",2016
OPENSTREETMAP US_ THE REAL MCCOY,"PATEL, DRISHTIE; WRIGHT, ALYSSA; DEES, IAN; BARTH, ALEX; EXEL, MARTIJN VAN",2016
OPENSTREETMAP FOR EDUCATIONAL PURPOSES,"BOU√ãRE, LOUIS-JULIEN DE LA",2016
EMPOWERING WOMEN THROUGH OPENSTREETMAP IN MALI,"SIDIBE, ASTOU NATHALIE",2016
WHAT WHERE... WHEN! LET'S ADD ANOTHER DIMENSION WITH OPENEVENTDATABASE,"QUEST, CHRISTIAN",2016
BUILDING A DIGITAL HUMANITARIAN SOCIETY IN PAKISTAN_ A PERSPECTIVE,"LATIF, USMAN",2016
OSM FOR TRAFFIC SIMULATION,"ZILSKE, MICHAEL",2016
COMPARING OSM DATA AND BRUSSELS LOCAL GOVERNMENT DATA,"DUCOBU, MARC",2016
RAILWAYS AT OPENSTREETMAP,"REICHERT, MICHAEL",2016
CONNECTING THE DOTS,"GANESH, ARUN",2017
OSM IN AIZUWAKAMATSU CITY_ CONSTRUCTION OF A HAZARD MAP,"MEGURO, JUN",2017
MOBILE APP DEVELOPMENT WITH ROUTING AND VOICE NAVIGATION,"MATSUZAWA, TARO",2017
HOW TO BUILD UP AN OSM COMMUNITY,"KUCI, ANISA",2017
MAPPING WITH A TIME DIMENSION,"RAMSHROST, DAAN VAN",2017
NEW OPPORTUNITIES FOR UNDERSTANDING THE ANCIENT COASTLINE,"ANDREOU, GEORGIA MARINA",2017
A NAVIGABLE OSM MAP OF CANADA? SOONER THAN YOU THINK!,"JULIEN, FREDERIC; LAU, BRIAN; EXEL, MARTIJN VAN",2017
CHALLENGES IN GEONAMES AND ADDRESS EXTRACTION,"KELLER, STEFAN",2017
HIGH PRECISION MAPPING WITH STREETLEVEL IMAGERY,"GUPTA, OINDRILA",2017
ONE ROAD GOES A LONG WAY_ MEASURING THE IMPACT OF MAPS ON FIGHTING FGM IN TANZANIA,"RAMANAUSKAITE, EGLE MARIJA",2017
JUNGLE BUS_ PUBLIC TRANSPORT NETWORKS MAPPING MADE EASY,"LAINEZ, FLORIAN",2017
TOTSUKAWA_ AFTER THE HEAVY RAINFALL DISASTER,"NISHIMURA, YUICHIRO",2017
VALIDATING OPENSTREETMAP,"GANESH, ARUN",2017
BEFORE MATURITY COMES PUBERTY,"ZVEREV, ILYA",2017
OSM HISTORY ANALYSIS USING BIG DATA TECHNOLOGY,"RAIFER, MARTIN",2017
THE DIAGRAMS OF OPENSTREETMAP,"WOOD, HARRY",2017
ANALYZING POSITIONAL ACCURACY OF POIS USING SPATIAL ASSOCIATION RULE LEARNING,"KASHIAN, ALIREZA",2017
CHALLENGES OF OPEN DATA IN JAPANESE PUBLIC TRANSPORT,"ITO, MASAKI",2017
TAKING ON RESPONSIBILITY FOR OSM DATA,"KASTL, DANIEL",2017
SENEGAL_ EXTENDING THE USE OF OF OPENSTREETMAP,"NDIAYE, MOHAMET LAMINE",2017
MAPROULETTE_ ONE MILLION CORRECTIONS AND BEYOND,"EXEL, MARTIJN VAN",2017
THE SRI LANKAN GOVERNMENT AND OSM,"SUTHAKARAN, S",2017
AI-ASSISTED ROAD TRACING FOR OPENSTREETMAP,"PATEL, DRISHTIE; GAO, MING",2017
VEHICLE POSITION VISUALIZATION PROJECT IN HEAVY SNOW ZONE,Ë•øÊú¨Êµ©Âπ∏,2017
OPEN SOURCE STREET ADDRESSES,"RINCKES, DOUG",2017
OSM BANGLADESH_ BRINGING SCATTERED OSM ACTIVITIES UNDER SINGLE PLATFORM,"HOQUE, AHASANUL",2017
HACKERS AGAINST NATURAL DISASTERS,"MUSQUET, GAEL; ORTOLA, LO√èC",2017
SOLVING CHALLENGES USING STREET LEVEL IMAGERY IN INDIA,"SHAH, SHRAVAN",2017
MAPCAMPAIGN_ MANAGE LARGE MAPPING PROJECTS WHILE LEVERAGING LOCAL KNOWLEDGE,"UITHOL, PAUL",2017
PIC4CARTO_ PRECISE REMOTE MAPPING WITH OPEN STREET-LEVEL PICTURES,"PAVIE, ADRIEN",2017
‰∫¨ÈÉΩ„Å®Êù±‰∫¨„ÅÆÊúàÈñì„Éû„ÉÉ„Éî„É≥„Ç∞„Éë„Éº„ÉÜ„Ç£„Éº,"YAMASHITA, YASUNARI",2017
MAPPING EFFORTS IN AN UNSURVEYED LAND_ KOORACHUNDU VILLAGE PANCHAYAT EXPERIENCE,"NEDUMPALA, JAISEN",2017
Êó•Êú¨„ÅÆÁæéË°ìÈ§®„ÉªÂçöÁâ©È§®_Âõ≥Êõ∏È§®„Éï„É≠„Ç¢„Ç¨„Ç§„Éâ„Å´„Åø„ÇãÁ©∫ÈñìÂ±ûÊÄßË®òËø∞„ÅÆ‰ΩøÁî®ÂÇæÂêë‚Äì‚ÄìË™ûÂè•„ÅÆ„ÇÜ„Çâ„Åé„Å®„Éî„ÇØ„Éà„Ç∞„É©„É†„ÅÆ„É©„É≥„Ç≠„É≥„Ç∞,ÈòøÂÖêÈõÑ‰πã,2017
ASK THE AUDIENCE - LIVE POLLING,"NICKERSON, ROB",2017
OPENSTREETMAP„Éá„Éº„Çø„ÇíÁî®„ÅÑ„ÅüËß¶Âú∞Âõ≥Ëá™Âãï‰ΩúÊàê„Ç∑„Çπ„ÉÜ„É†„ÅÆÈñãÁô∫ ‚ÄïÁ∏ÆÂ∞∫„Å´Âøú„Åò„ÅüË°®Á§∫ÂÜÖÂÆπÂ§âÊõ¥Ê©üËÉΩ„ÅÆÂÆüË£Ö‚Äï,"ÂçÉÊô¥, È¶¨Â†¥",2017
OSM SEEN FROM A GIS RESEARCHER_ EXPERIENCES AND PERSPECTIVES,"MINGHINI, MARCO",2017
TELEMETRY_ GLOBAL TRAFFIC AND OSM,"CHAI, LILY",2017
EFFORT OF CONTRIBUTION OF OSM NIGER,"MAINASSARA, SAMAILA ALIO",2017
OPENSTREETMAP CARTO,"NORMAN, PAUL",2017
STATE OF THE CRISISMAPPING IN JAPAN,"FURUHASHI, TAICHI",2017
OPENSTREETMAP‚ÄîNOW AND INTO THE FUTURE,"CHAPMAN, KATE; LESON, HEATHER",2018
CAN WE VALIDATE EVERY CHANGE ON OSM?,"(MAPBOX), LUKAS MARTINELLI",2018
MAKING MAPS WITHOUT DATABASE,"SKOWRON, THOMAS",2018
INTERPRETING IMAGERY FOR OPENSTREETMAP,"BLEVINS, CHAD",2018
OPENMAPTILES: VECTOR TILES FROM OPENSTREETMAP,"PRIDAL, PETR; TECHNOLOGIES), JIRI KOMAREK (KLOKAN",2018
QT TO CREATE OSM-BASED APPS,"COMPANY), PAOLO ANGELELLI (THE QT",2018
ADVERTISING MAPPING : USING OPENSTREEPMAP FOR THE PROTECTION OF LANDSCAPE,"CONTRIBUTORS), PAUL DESGRANGES (GRENOBLE (FRANCE) GROUP OF OSM",2018
LARGE SCALE DEEP LEARNING FOR MAP MAKING,"NEGREANU, ALINA; (TELENAV), BOGDAN GLIGA",2018
AN EXCURSION IN TO THE WORLD OF OSM TAGGING PRESETS,"POOLE, SIMON",2018
HOW DEEP LEARNING COULD HELP TO IMPROVE OSM DATA QUALITY ?,"(DATAPINK), OLIVIER COURTIN",2018
ADDRESSING ADDRESSES,"HOFFMANN, SARAH",2018
THE BELGIAN PERSPECTIVE TO BUILDING OPENSTREETMAP COMMUNITY,"ABELSHAUSEN, BEN; BELGIUM), JOOST SCHOUPPE (OPENSTREETMAP",2018
2_ 4_ 6_ 8_ HERE'S HOW WE INTERPOLATE,"(GEOCODE.EARTH), JULIAN SIMIONI",2018
A NEW APPROACH TO GARNER PROLIFIC CONTRIBUTION IN OPENSTREETMAP,"LABS), KSHITIZ KHANAL (KATHMANDU LIVING",2018
OSMAND MAKING LIVE MAPS UPDATE,"(OSMAND), VICTOR SHCHERB",2018
BUILDING UP THE MICROSOFT OPEN MAPS TEAM,"(MICROSOFT), OISIN HERRIOTT",2018
LIES_ DAMNED LIES_ AND OSM STATISTICS,"RAMM, FREDERIK",2018
VERIFYING OUR EDITS,"PETREA, BOGDAN; (TELENAV), ARMIN GHEORGHINA",2018
CORPORATE CARTOGRAPHY: HOW THE SAUSAGE GETS MADE,"NORMAN, PAUL",2018
AN INNOVATIVE APPROACH TO SUPPORT OSM DATA GENERATION,"ROMANIA)), EMANUELA MIHUT (PHD STUDENT (WEST UNIVERSITY OF TIMISOARA,",2018
MAPPING COMPETITION WITH FOCUS ON QUALITY: LESSON LEARNED,"TEAM), YANTISA AKHADI (HUMANITARIAN OPENSTREETMAP",2018
PINPOINTING THE POWER GRID,"SEED), SAJJAD ANWAR (DEVELOPMENT",2018
IMPROVING OSMCHA FOR THE COMMUNITY,"MALHEIRO, WILLE MARCEL LIMA",2018
GET INVOLVED IN THE OPENSTREETMAP FOUNDATION,"MARLER, GREGORY; GROUPS, OSMF WORKING",2018
ALTERNATIVE PERSPECTIVES THROUGH ARTISTIC INTERPRETATIONS,"MEIER, SEBASTIAN; VISLAB, HANS HACK (MAPTIME &; HACK), HANS",2018
WHAT'S UP WITH THE PUBLIC TRANSPORT,"(MAPS.ME), ILYA ZVEREV",2018
COORDINATING IMPROVED COMMUNICATION BETWEEN THE ACADEMIC AND OPENSTREETMAP COMMUNITIES,"MOONEY, PETER; SCHOUPPE, JOOST; OSTERMANN, FRANK",2018
OSM AND THE EUROPEAN AGENDA,"CENTRE), VLADO CETL (EUROPEAN COMMISSION JOINT RESEARCH",2018
THE USE OF OSM IN PUBLIC TRANSPORT IN HELSINKI FINLAND,"(HSL)), MARKKU HUOTARI (HELSINKI REGION TRANSPORT",2018
HUMAN-CENTERED DATA SCIENCE AND OPENSTREETMAP: CONTRIBUTOR-CENTRIC OPENSTREETMAP ANALYSIS INFRASTRUCTURE,"ANDERSON, JENNINGS",2018
SOME LOCATION INTELLIGENCE FROM OSM,"(CARTO), JAAK LAINESTE",2018
COMPREHENSIVE OPENSTREETMAP HISTORY DATA ANALYSES- FOR AND WITH THE OSM COMMUNITY,"AUER, MICHAEL; ECKLE, MELANIE; FENDRICH, SASCHA; KOWATSCH, FABIAN; MARX, SABRINA; RAIFER, MARTIN; SCHOTT, MORITZ; TROILO, RAFAEL; ZIPF, ALEXANDER",2018
FLYING FERRIES AND MOVING PAVEMENTS? PEDESTRIAN ROUTING ON RARE MODES OF TRANSPORT,"RISCHARD, GUILLAUME",2018
INVESTIGATING THE OSM MAPPING PROCESS AFTER DISASTERS: OSMEVENTANALYST AND ITS APPLICATION FOR THE 2016 ITALIAN EARTHQUAKES,"DELUCCHI, LUCA; MINGHINI, MARCO",2018
A TALE OF TWO (MAPPING) CITIES,"SKOWRONNEK, ALSINO; (MAPTIME), MICHELE FERRETTI",2018
OSM COMMUNITY GRANTS: SHARING EXPERIENCES,"TEAM), REBECCA FIRTH (HUMANITARIAN OPENSTREETMAP",2018
WORKING WITH THE COMMUNITY,"INC.), RYAN PETERSON (APPLE,",2018
COMPLETING THE MAP WITH STREET-LEVEL IMAGERY,"(MAPILLARY), CHRISTOPHER BEDDOW",2018
ROAD COMPLETION IN BELGIUM - MAPPING & VERIFYING *ALL* THE ROADS,"BELGIUM), BEN ABELSHAUSEN (OSM",2018
PIC4REVIEW : FUN OSM EDITING BASED ON STREET PICTURES,"GEOMATICS), ADRIEN PAVIE (ENTREPRENEUR IN",2018
GOING TO PRODUCTION WITH OPENSTREEETMAP AT MICROSOFT,"(MICROSOFT), JUBAL HARPSTER",2018
FORM & MAP BASED MOBILE OSM TOOL FOR FIELD SURVEY AND VALIDATION,"INC.), KUO-YU SLAYER CHUANG (GEOTHINGS",2018
SWITCH2OSM: A REAL ENTERPRISE CONTEXT CASE STUDY,"(IMMOBILIARE.IT), ANDREA CAPATA",2018
"THE NEW WHEELMAP: JOINING FORCES IN ACCESSIBILITY MAPPING ‚Äì FEAT.: ""I WHEEL SHARE""","E.V.), SVENJA HEINECKE (SOZIALHELDEN",2018
MAKING BOT EDITS SAFE AND ACCEPTABLE,"(ELASTIC), YURI ASTRAKHAN",2018
MODDING THE OSM DATA MODEL,"TOPF, JOCHEN",2018
ROBOT TRACERS - EXTRACTION AND CLASSIFICATION AT SCALE USING & CNTK,"(MICROSOFT), NIKOLA TRIFUNOVIC",2018
ENERGY EFFICIENT ROUTING WITH OSM,"BRENSCHEDE, ARNDT",2018
REACHING OUT TO VULNERABLE COMMUNITIES IN TURKEY: BINA PROJECT,"EKER, G√úL≈ûAH; DERNEƒûƒ∞), EZGƒ∞ ERYILMAZ (YER √áƒ∞ZENLER HERKES ƒ∞√áƒ∞N HARƒ∞TACILIK",2018
ATTRACTING STUDENTS WITH GOOGLE SUMMER OF CODE,"KNERR, TOBIAS",2018
OPENROUTESERVICE - ROUTE THE WORLD DYNAMICALLY,"HEIDELBERG), NILS NOLDE (UNIVERSITY OF",2018
OSM ENABLED URBAN MOBILITY SERVICES FOR THE CITY OF YANGON (MYANMAR),"SRL), ROBERTA CASTELLI (5T",2018
ROUTING ON RAILS WITH OPENSTREETMAP,"REICHERT, MICHAEL",2018
COMMUNITY MAPPING FOR REFUGEES IN UGANDA,"(MAPUGANDA), GEOFFREY KATEREGGA",2018
OSM AT FACEBOOK,"(FACEBOOK), DRISHTIE PATEL",2018
DRONEBIRDS ARE GO!,"UNIVERSITY), TAICHI FURUHASHI (AOYAMA GAKUIN",2018
INDONESIA ROAD MAPPING: CHALLENGES AND OPPORTUNITIES,"INDONESIA), WULANSARI KHAIRUNISA (HUMANITARIAN OPENSTREETMAP TEAM",2018
3D BEYOND BUILDINGS,"KNERR, TOBIAS",2018
OPENING,"GROUP, SOTM WORKING",2019
KEYNOTE: OPEN UP! WHY DIGITAL MOBILITY NEEDS PARTICIPATION,"F√ñRSTER, CHRISTIAN; SEIFERT, DIETMAR",2019
KEYNOTE,"SANDLER, KAREN M.",2019
GET TO KNOW OSGEO AND HOW OSGEO IS CONNECTED TO OPENSTREETMAP,"EMDE, ASTRID",2019
DATA QUALITY AND FEATURE EXTRACTION AT SCALE WITH ROBOSAT.PINK,"COURTIN, OLIVIER",2019
KEEPIN' IT FRESH (AND GOOD)! - CONTINUOUS INGESTION OF OSM DATA AT FACEBOOK,"VENTULLO, KEVIN; KLAIBER, CHRISTOPHER",2019
HUMAN MAPPING WITH MACHINE DATA,"BEDDOW, CHRISTOPHER; NEERHUT, EDOARDO",2019
DRIVING SOUTH EAST ASIA FORWARD WITH OPENSTREETMAP,"FOFLIA, JINAL",2019
ASSISTED INTELLIGENCE - HOW WE MAP WITH THE SUPPORT OF NEW TECHNOLOGIES,"DELATTRE, FELIX; SINGH, SURABHI",2019
ODBL LICENSE COMPATIBILITY,"LU, KATHLEEN",2019
COMMUNICATION AND KNOWLEDGE TRANSFER IN OSM,"KR√úGER, HANNA",2019
OSMINEDIT: A SIMPLE INDOOR EDITOR,"SONTAG, THOMAS; DIRKS, ANDREAS; GEISSELMANN, HANNES; PAVIE, ADRIEN",2019
PAST AND FUTURE OF THE OSMF MEMBERSHIP WORKING GROUP,"SPRENG, MICHAEL",2019
OBSERVE - OFFLINE;CROSS-PLATFORM FIELD MAPPING TOOL FOR OPENSTREETMAP,"ANWAR, SAJJAD",2019
OSM DATA: FROM DIGITAL TO PHYSICAL DESIGN,"AKHADI, YANTISA",2019
CYCLOSM; A BICYCLE ORIENTED RENDER FOR EVERY CYCLIST,"VERNEY, LUCAS; BERTHOUX, FLORIMOND",2019
VR MAP: USING OSM DATA IN A WEBVR ENVIRONMENT,"KAISER, ROBERT",2019
HOW TO USE OPENSTREETMAP DATA WITH THE DESKTOP GIS QGIS,"EMDE, ASTRID",2019
HIKAR - OSM AUGMENTED REALITY FOR WALKERS ACROSS EUROPE,"WHITELEGG, NICK",2019
FLEXIBLE ROUTING WITH GRAPHHOPPER,"KARICH, PETER",2019
MAPATHON; MAPATHON; MAPATHON!,"MENARD, S√âVERIN; CHAVENT, NICOLAS",2019
IMAGERY SOLUTIONS IN OPENSTREETMAP,"BULLOCK, KEVIN",2019
OSMF LOCAL CHAPTERS IN COUNTRIES OF THE GLOBAL SOUTH WHAT CAN WE LEARN FROM OSM ASSOCIATIONS DYNAMICS IN FRENCH-SPEAKING SOUTHERN COUNTRIES OF AFRICA AND THE CARIBBEAN?,"MENARD, S√âVERIN; CHAVENT, NICOLAS",2019
TALES FROM THE TASKING MANAGER,"RAGUPATHY, RAMYA; MALHEIRO, WILLE MARCEL LIMA; DELATTRE, FELIX",2019
MEET AN OPENSTREETMAPPER,"MARLER, GREGORY",2019
OUR FALKIRK: MITIGATING THE IMPACTS OF POVERTY USING OSM DATA THEMES,"MOON, ALISON",2019
CUSTOMIZING SEARCH FOR SPECIAL-INTEREST MAPS,"HOFFMANN, SARAH",2019
OSM QUALITY MAPPING: METRICS TO MONITOR BUILDINGS OUTBOUNDS,"B√âLAND, PIERRE",2019
IS YOUR OSM APP SPYING ON YOU?,"SKOWRON, THOMAS",2019
BRINGING VALIDATION TO USERS: INTEGRATING QUALITY ASSURANCE CHECKS INTO MAP EDITORS,"GIBB, MATTHEW; ABALOS, CLARISSE",2019
WHAT'S BEHIND JOSM?,"PRIVAT, VINCENT",2019
SPATIAL INDEXES FOR OSM IN POSTGIS,"KUNDE, FELIX",2019
MAPPING SOLAR PANELS CAN SAVE MEGATONS OF CO2,"STOWELL, DAN; CLOUGH, JERRY",2019
NATIONAL TRUST - MANAGING A PATH INVENTORY IN OSM: TOWARDS AN OPEN PATHS STANDARD IN OSM FOR THE UK,"DAVIES, HUW",2019
OSM DATA PROCESSING WITH POSTGRESQL/POSTGIS,"TOPF, JOCHEN",2019
COLLABORATIVE CARTOGRAPHY OF CYCLING INFRASTRUCTURE FOR ROUTE AND THEMATIC MAPS IN MEDELLIN; COLOMBIA,"ESPINOSA, CAROLINA ORTEGA",2019
NOTES: CAN WE DO BETTER. EXPERIENCES AND IDEAS FROM THE FRONTLINE,"FLEMING, CHRIS",2019
MAPPER'S PRIVACY,"OLBRICHT, ROLAND",2019
IS THE OSM DATA MODEL CREAKING?,"LUCAS-SMITH, MARTIN",2019
TEAMS FOR OPENSTREETMAP,"FARRA, MARC",2019
BROKEN PROMISES AND TECHNICAL DIFFICULTIES,"ZVEREV, ILYA",2019
OSMOSE-QA : MAPCSS; OPENDATA AND MAPILLARY,"RODRIGO, FR√âD√âRIC",2019
OSM2WORLD: 3D OSM IN YOUR BROWSER,"KNERR, TOBIAS",2019
THE NEXT GENERATION OF MAPPERS: LEARNING FROM YOUTHMAPPERS,"BERGMANN, JESSICA",2019
OPENSTREETMAP AND WIKIDATA: AWESOME TOGETHER,"VILLAR, EUGENE ALVIN; BETTS, EDWARD",2019
ROUTING FOR HUMANS,"RITTERBUSCH, SEBASTIAN",2019
OPENDATATHON ACTIVITIES IN JAPAN,"ENOKI, SHINJI",2019
MAPPING MOBILITY IN STOCKPORT,"MILSOM, SAM",2019
OPENSTREETMAP IN CROATIA,"BOGNER, HRVOJE",2019
CARETOGRAPHY - MAPPING DIFFICULT ISSUES WITH OPENSTREETMAP DURING DIFFICULT TIMES,"GARCIA, DAVID; DITTUS, MARTIN",2019
INTEGRATING AND VALIDATING OPEN DATA IN OSM USING STREET PICTURES,"PAVIE, ADRIEN",2019
NEW PROCESSES TO AGREE ON TAGGING SUGGESTIONS AND THEIR INTERACTION WITH THE EDITING SOFTWARE AVAILABLE ON OPENSTREETMAP.ORG,"OLBRICHT, ROLAND",2019
INTRODUCE OPENPLACEREVIEWS AND CONNECT TO OPENSTREETMAP,"SHCHERB, VICTOR",2019
ACCESS TO PROSPERITY: QUANTIFYING INFRASTRUCTURE IMPACT WITH OSM,"LOVIN, DAVEY",2019
PEDESTRIAN ROUTING IN COMPLEX AREAS: THE CASE OF PARIS RAILWAY STATIONS,"RICHE, ANTOINE",2019
NORWAY: SUCCESSFUL DEPLOYMENT OF OSM IN PUBLIC TRANSPORT,"WIKLUND, JOHAN",2019
AUTOMATICALLY ANNOTATE A PEDESTRIAN ROUTE WITH OSM LANDMARKS,"RODRIGO, FR√âD√âRIC",2019
PUBLIC TRANSPORT NAVIGATION USING OPENSTREETMAP BY OSMAND,"SHCHERB, VICTOR; KIZEVICH, EUGENE",2019
FROM CAR ROUTING TO TRAIN ROUTING,"CHEYNET, DENIS",2019
OSM VECTOR TILES IN CUSTOM COORDINATE SYSTEMS,"KOMAREK, JIRI",2019
BRIDGING THE MAP? EXPLORING INTERACTIONS BETWEEN THE ACADEMIC AND MAPPING COMMUNITIES IN OPENSTREETMAP,"GRINBERGER, A. YAIR; MINGHINI, MARCO; JUH√ÅSZ, LEVENTE; MOONEY, PETER; YEBOAH, GODWIN",2019
ANALYSIS OF OSM DATA THROUGH OSM-NOTES USER POSTING,"SETO, TOSHIKAZU; KANASUGI, HIROSHI; NISHIMURA, YUICHIRO",2019
A NOVEL APPLICATION OF MODELS OF SPECIES ABUNDANCE TO BETTER UNDERSTAND OPENSTREETMAP COMMUNITY STRUCTURE AND INTERACTIONS,"MOONEY, PETER",2019
TOWARDS SCALABLE GEOSPATIAL REMOTE SENSING FOR EFFICIENT OSM LABELING,"ZHANG, RUI; FREITAG, MARCUS; ALBRECHT, CONRAD; LU, SIYUAN; ZHANG, WEI",2019
ESTIMATING LATENT ENERGY DEMAND OF BUILDINGS,"MILOJEVIC-DUPONT, NIKOLA; PICHLER, PETER-PAUL; KAACK, LYNN H.; LOHREY, STEFFEN; CREUTZIG, FELIX",2019
CLIENT-SIDE ROUTE PLANNING: PREPROCESSING THE OPENSTREETMAP ROAD NETWORK FOR ROUTABLE TILES,"DELVA, HARM; MEL√âNDEZ, JULI√ÅN ANDR√âS ROJAS; ABELSHAUSEN, BEN; COLPAERT, PIETER; VERBORGH, RUBEN",2019
INTRINSIC ASSESSMENT OF OPENSTREETMAP CONTRIBUTION PATTERNS THROUGH EXPLORATORY SPATIAL DATA ANALYSIS,"MINGHINI, MARCO; OXOLI, DANIELE; FRASSINELLI, FRANCESCO; BROVELLI, MARIA ANTONIA",2019
CORPORATE EDITORS IN THE EVOLVING LANDSCAPE OF OPENSTREETMAP: A CLOSE INVESTIGATION OF THE IMPACT TO THE MAP & COMMUNITY,"ANDERSON, JENNINGS; SARKAR, DIPTO; PALEN, LEYSIA",2019
EXPLORING THE EFFECTS OF POK√âMON GO VANDALISM ON OPENSTREETMAP,"JUH√ÅSZ, LEVENTE; HOCHMAIR, HARTWIG; QIAO, SEN; NOVACK, TESSIO",2019
ANALYZING THE SPATIO-TEMPORAL PATTERNS AND IMPACTS OF LARGE-SCALE DATA PRODUCTION EVENTS IN OPENSTREETMAP,"GRINBERGER, A. YAIR; SCHOTT, MORITZ; RAIFER, MARTIN; TROILO, RAFAEL; ZIPF, ALEXANDER",2019
DEVELOPMENT AFTER DISPLACEMENT: USING OSM DATA TO MEASURE SDG INDICATORS AT INFORMAL SETTLEMENTS,"WRATHALL, JAMON VAN DEN HOEK, HANNAH FRIEDRICH, ANNA BALLASIOTES, DAVID",2019
ANALYSIS OF OPENSTREETMAP DATA QUALITY AT DIFFERENT STAGES OF A PARTICIPATORY MAPPING PROCESS: EVIDENCE FROM INFORMAL URBAN SETTINGS,"YEBOAH, GODWIN; TROILO, RAFAEL; PITIDIS, VANGELIS; ALBUQUERQUE, JO√ÉO PORTO DE",2019
ASSESSING THE COMPLETENESS OF URBAN GREEN SPACES IN OPENSTREETMAP,"LUDWIG, CHRISTINA; HECHT, ROBERT; LAUTENBACH, SVEN",2019
WINDS OF CHANGE IN OPENSTREETMAP,"MUSTARD, ALLAN",2020
DRONES FOR COMMUNITY MAPPING,"LUNAS, LEIGH",2020
4 COUNTY OSM DIGITIZATION LIBERIA ‚Äì LESSON LEARNED,"SELASA, TRI",2020
OSM ROUTING EVALUATION,"AKHADI, YANTISA",2020
HEALTH FACILITIES IMPORT,"NAYANI, SOWMYA",2020
RANKS FOR RENDERING,"REICHERT, MICHAEL",2020
ECONOMY_HUMAN_AND_POLICY_IMPACT_ON_MAPPING_IN_PUBLIC_SECTOR,"JOSEPH, ASISH ABRAHAM",2020
THE MAP IN 360,"TURKSEVER, SAID",2020
THE STATE OF OPENSTREETMAP IN AFRICA,"KATEREGGA, GEOFFREY",2020
BUILDINGS ARE THE NEW STREETS,"SCHORLEMMER, DANIJEL; DELATTRE, FELIX",2020
OVERWIEW ON OPENSTREETMAP TOGO COMMUNITY,"AKOUETE, ATA FRANCK",2020
MAPCAMPAIGNER REDESIGN: THE DATA QUALITY MONITOR FOR OSM,"MARTINEZ, JORGE",2020
CREATING AN OPEN DATA ECOSYSTEM FOR REVIEWS OF PLACES AND MORE,"CARABAS, DINA",2020
THERE MIGHT HAVE BEEN A MISUNDERSTANDING...,"RAMM, FREDERIK",2020
OSM DATA ASSESSMENT IN THE AREA OF ATHENS - GREECE,"ARAPOSTATHIS, STATHIS G.",2020
AN INCOMPLETE HISTORY OF COMPANIES AND PROFESSIONALS IN OPENSTREETMAP,"MARON, MIKEL",2020
TURKISH LAW ON NATIONAL GEOSPATIAL DATA AND ITS IMPLICATIONS REGARDING OSM AND THE COMMUNITY,"√úNEN, CAN; YILMAZ, ORKUT MURAT",2020
VISUALIZING GENDER OF STREET NAMES IN BRAZIL,"LOUREIRO, BERNARDO",2020
PARTICIPATORY BUDGETING & MAPPING WITH CITIZENS AND GOVERNMENT,"HAGEN, ERICA; FONDO, LUCY",2020
SEND ME A POSTCARD,"ZVEREV, ILYA",2020
SUSTAINABILITY AND OSM FOR DEVELOPMENT,"HAGEN, ERICA",2020
BUILDING STRONGER COMMUNITIES TOGETHER - THE LOCAL CHAPTERS & COMMUNITY WORKING GROUP,"CAWLEY, MAGGIE",2020
MAPIMPACT: MAPPING AND SOCIAL RESEARCHS BY STUDENTS IN CUSCO PER√ö,"CC., REGINA CAMPOS",2020
MEET AN OPENSTREETMAPPER,"MARLER, GREGORY",2020
MAP-LESS MAP EDITORS,"ZVEREV, ILYA",2021
JOURNEY TO IMPROVING THE NAVIGATION EXPERIENCE FOR GRAB DRIVER PARTNERS USING OSM,"FOFLIA, JINAL; ALLA, APARNA",2021
FROM GLOBAL TO LOCAL OSM MAPPING_CARTONG‚ÄôS OVERALL OSM BASED STRATEGY TO SUPPORT HUMANITARIAN RESPONSE IN REFUGEE CAMP,"NOBLECOURT, MARTIN; VIOU, MANON; RIBIERE, OLIVIER",2021
MAPATANDA: MAPPING FOR AND WITH THE AGEING POPULATION,"LIBUNAO, KRIS",2021
3D RENDERING WITH OSM2WORLD,"KNERR, TOBIAS",2021
OSM DATA_PRIVACY RISKS AND GDPR COMPLIANCE,"RIEMANN, ROBERT",2021
BOUNDARIES_PLACES AND THE FUTURE OF TAGGING,"HOFFMANN, SARAH",2021
INTRODUCTION AND REVIEW OF MAPCOMPLETE,"VENNET, PIETER VANDER",2021
MAKINA MAPS,"RODRIGO, FR√âD√âRIC",2021
LINTING THE MAP TOGETHER_COLLABORATIONS OF MAPBOX DATA RAVE AND OPENSTREETMAP COMMUNITIES,"BOITSIK, VLADA",2021
IMPROVING OSM DATA IN COASTAL COMMUNITIES,"BRANDEIS, MONICA",2021
HOW TO MAP A CITY'S PUBLIC TRANSPORT DURING A PANDEMIC,"HANSER, CHRISTOPH",2021
WITH GREAT POWER COMES GREAT RESPONSIBILITY,"RAMM, FREDERIK",2021
COLLECTION AND USE OF DATA ABOUT ENTRANCES OF BUILDINGS,"HASTRUP, TUUKKA; LINDQVIST, JOHAN",2021
MAPPING UNMAPPED TOWNS IN TURKEY BY BUILDING AND ENLARGING OPENSTREETMAP TURKEY COMMUNITY,"TURKSEVER, SAID; ER, OƒûUZHAN",2021
HOW STREETCOMPLETE HANDLES EDITS,"ZWICK, TOBIAS",2021
NEWS FROM OSM2PGSQL,"TOPF, JOCHEN",2021
MAPPING HERITAGE IN IRELAND - A JOURNEY,"DISTEL, ANNE-KAROLINE",2021
MAPLIBRE - COMMUNITY DRIVEN MAPBOX GL FORK,"PRIDAL, PETR",2021
OPENSTREETMAP AND THE NEGLECTED PEDESTRIAN,"NEERHUT, EDOARDO",2021
OPENSTREETMAP STANDARD LAYER_WHO USES IT,"NORMAN, PAUL",2021
COMMUNITY GROWTH_WHAT WE LEARNED ABOUT IMPROVING THE MEMBERSHIP AND DIVERSITY OF OSM KENYA THROUGH THE COMMUNITY IMPACT MICROGRANTS,"MUGEHA, LAURA",2021
NLMAPS WEB: A NATURAL LANGUAGE INTERFACE TO OPENSTREETMAP,"WILL, SIMON",2021
WHAT HAS MACHINE LEARNING EVER DONE FOR US,"MOONEY, PETER",2021
TOWARDS A FRAMEWORK FOR MEASURING LOCAL DATA CONTRIBUTION IN OPENSTREETMAP,"OWUSU, MAXWELL",2021
COMMUNITY INTERACTIONS IN OSM EDITING,"ANDERSON, JENNINGS; SARKAR, DIPTO",2021
TOWARDS UNDERSTANDING THE TEMPORAL ACCURACY OF OPENSTREETMAP: A QUANTITATIVE EXPERIMENT,"JUH√ÅSZ, LEVENTE",2021
DEALING WITH QUANTITY VS QUALITY,"NYAMADOR, ENOCK SETH",2021
A PROPOSAL FOR A QGIS PLUGIN FOR SPATIO-TEMPORAL ANALYSIS OF OSM DATA QUALITY: THE CASE STUDY FOR THE CITY OF SALVADOR_BRAZIL,"ELIAS, ELIAS NASR NAIM",2021
INTRODUCING OPENSTREETMAP USER EMBEDDINGS: PROMISING STEPS TOWARD AUTOMATED VANDALISM AND COMMUNITY DETECTION,"ANDERSON, JENNINGS; LI, YINXIAO",2021
A NEW MAP RENDERER FOR OSM_RASTERS_VECTORS_LANGUAGE AND INTERNATIONALIZATION,"LIU, BRANDON",2021
AN AUTOMATED APPROACH TO IDENTIFYING CORPORATE EDITING ACTIVITY IN OPENSTREETMAP,"VESELOVSKY, VENIAMIN",2021
OVERPASS API SINCE 10 YEARS,"OLBRICHT, DR. ROLAND",2021
INVOLVEMENT OF OPENSTREETMAP IN EUROPEAN H2020 PROJECTS,"GRAUX, DAMIEN; MICHEL, THIBAUD",2021
WHY OSM IS NOT KNOWN MORE WIDELY - ABOUT CONSEQUENCES OF NOT ENFORCING ATTRIBUTION REQUIREMENTS,"KONIECZNY, MATEUSZ",2021
BUILDING A GLOBAL OUTDOOR MAP,"KOMAREK, JIRI",2021
A/B STREET_USING OSM FOR TRANSPORTATION ADVOCACY,"CARLINO, DUSTIN",2021
STATE OF INDEPENDENCE,"FAIRHURST, RICHARD",2022
10 YEARS OF MAPROULETTE,"EXEL, MARTIJN VAN",2022
ENTRY-LEVEL MOBILE MAPPING,"TONGA, KRISTEN",2022
OSM CARTO AS VECTOR TILES,"KOMAREK, JIRI; SZCZERBAN, WLADIMIR",2022
ADMIN BOUNDARY CONFLATION TOOL,"KOKANOVIC, BRANKO",2022
USABILITY TESTING WITH THREE PEOPLE - HOW TO DISCOVER WHY MAPPERS ARE CONFUSED BY YOUR SOFTWARE,"KONIECZNY, MATEUSZ",2022
INNOVATING ON DERIVATIVE OPENSTREETMAP DATASETS,"LIU, BRANDON",2022
NONE: A STORY OF DATA THAT ISN'T THERE,"GALA; CIOCOIU, SIMONA",2022
OPENSTREETMAP DATA FOR CLIMATE CHANGE RESPONSE INITIATIVES,"KPOGBE, LUC",2022
EVOLVING THE OSM DATA MODEL,"TOPF, JOCHEN",2022
INTEGRATING OPENSTREETMAP IN THE LOCAL GOVERNANCE OF NEPAL,"SHRESTHA, AISHWORYA; GHIMIRE, SUSHMA",2022
WHAT YOU MAP IS NOT ALWAYS WHAT YOU GET,"HOFFMANN, SARAH; FAIRHURST, RICHARD",2022
MAPPING A SMALL TOWN,"BEDDOW, CHRISTOPHER",2022
UX FOR HYPERLOCAL MAP IN SOUTHEAST ASIA,"WEE, LOW KO; IYER, SRIRAM",2022
INFERRING DEFAULT SPEED LIMITS,"ZWICK, TOBIAS",2022
MAPLIBRE-RS: CROSS-PLATFORM MAP RENDERING USING RUST,"AMMANN, MAX",2022
OPENSTREETMAP IN THE CLOUD,"ANWAR, SAJJAD",2022
THE MAPOSMATIC APIS - GENERATE PRINTABLE MAPS FROM YOUR OWN APPLICATION,"HOLZGRAEFE, HARTMUT",2022
BUILDING AN OPENSTREETMAP COMMUNITY PLAYBOOK,"OMOJA, SHARON; KATEREGGA, GEOFFREY",2022
PEDESTRIAN AND BIKE MAPPING IN NEW YORK CITY,"KADOURI, ARIEL",2022
LINKING OPENSTREETMAP AND WIKIDATA: CASE STUDY OF TAIWAN'S VILLAGES AND RIVERS DATASET,"CHEN, DENNIS RAYLIN",2022
MAPBUILDER - THE SIMPLEST OSM EDITORIAL TOOL,"BRACKO, NEMANJA",2022
OPENSTREETMAP IN SCHOOLS: THE CASE STUDY OF BARI,"TRAVERSA, FERDINANDO; COLACICCO, ROSA",2022
10 YEARS ID EDITOR ‚Äì THE ROAD AHEAD,"RAIFER, MARTIN",2022
EDUCATIONAL INITIATIVES AND PLATFORMS ON OPENSTREETMAP: MAKING OPEN DATA MORE ACCESSIBLE,"MONTANI, MICHAEL",2022
EVERY DOOR AND THE FUTURE OF POI IN OPENSTREETMAP,"ZVEREV, ILYA",2022
HOW TO KILL OSM? ABOVE ALL_CHANGE NOTHING,"LAINEZ, FLORIAN",2022
DIGITAL CHAMPIONS FIGHTING GENDER BASED VIOLENCE IN RURAL TANZANIA WITH MAPS,"CHAPMAN, JANET",2022
OSMF BOARD AMA,"MCCANN, AMANDA",2022
WOMEN LEADERSHIP IN MAPPING RIVERSIDE COMMUNITIES IN THE AMAZON FOREST USING OSM,"TEIXEIRA, ANA LU√çSA; VENTORINI, SILVIA ELENA; ARRUDA, NATALIA DA SILVEIRA",2022
A REVIEW OF MAPILLARY-GENERATED MAP DATA AND HOW ACCURACY COMPARES ACROSS DEVICES,"TURKSEVER, SAID",2022
STATE OF OSM IN QGIS,"TRIMAILLE, ETIENNE",2022
RUNNING OPENSTREETMAP.ORG - TODAY AND TOMORROW,"SLATER, GRANT",2022
SATELLITE IMAGERY FOR SOCIAL GOOD - OUR REFLECTIONS,"NASSOZI, SHAMILAH",2022
PUBLIC DOMAIN MAP: CROWDSOURCING THE FUTURE OF GOVERNMENT DATA,"BEUTLER, JESS; MCANDREW, JAMES",2022
LOCALIZATION AS AN INCLUSION AND PARTICIPATORY ENABLER RESEARCH,"VICARIO, ARNALIE",2022
INCREASING OPENSTREETMAP DATA ACCESSIBILITY WITH THE ANALYSIS-READY DAYLIGHT DISTRIBUTION OF OPENSTREETMAP: A DEMONSTRATION OF CLOUD-BASED ASSESSMENTS OF GLOBAL BUILDING COMPLETENESS üéì,"ANDERSON, JENNINGS; OMIDIRE, TIMMERA WHALEY",2022
CROWDSOURCING AND VIRTUAL REALITY APPLICATIONS FOR PEACEKEEPING: STUDY CASES IN MOGADISHU AND TRIPOLI,"MONTANI, MICHAEL",2022
OSM SIDEWALKREATOR - A QGIS PLUGIN FOR AUTOMATED SIDEWALK DRAWING FOR OSM üéì,"VESTENA, KAU√ä DE MORAES",2022
OSM2STREETS: STREET NETWORKS WITH DETAILED GEOMETRY,"CARLINO, DUSTIN",2022
COMPARATIVE INTEGRATION POTENTIAL ANALYSES OF OSM AND WIKIDATA ‚Äì THE CASE STUDY OF RAILWAY STATIONS üéì,"SCHOTT, MORITZ; DSOUZA, ALISHIBA",2022
EXPLORING HUMAN BIAS AND EFFECTS OF TRAINING IN OSM MAPPING: A BEHAVIORAL EXPERIMENT IN SINGAPORE,"ZHONG, SHIYUE",2022
ROUTING NOT ONLY FOR PRAMS,"OLBRICHT, ROLAND",2022
AUTOMATED DERIVATION OF PUBLIC URBAN GREEN SPACES VIA ACTIVITY-RELATED BARRIERS USING OPENSTREETMAP üéì,"RIECHE, THEODOR",2022
OSM & TRAILS: NEW COLLABORATIONS FOR RESPONSIBLE RECREATION,"CAWLEY, MAGGIE",2022
NULL ISLAND - A NODE OF CONTENTION IN OPENSTREETMAP üéì,"MOONEY, PETER; JUH√ÅSZ, LEVENTE",2022
OSM AND INDOOR DATA,"IGONET, CLEMENT",2022
YOUTHMAPPERS: A HYBRID MOVEMENT DESIGN FOR THE OPENSTREETMAP COMMUNITY OF COMMUNITIES üéì,"SOLIS, PATRICIA",2022
LANDMARKS FOR ACCESSIBLE SPACE ‚Äì PROMOTING GEO-LITERACY THROUGH GEOSPATIAL CITIZEN SCIENCE üéì,"DALYOT, SAGI",2022
THE OPENSTREETMAP USE FOR MEDICAL HUMANITARIAN OPERATIONS BY M√âDECINS SANS FRONTI√àRES,"BAUEROVA, JANA",2022
WIKIMEDIA ITALIA - WHAT IS IT DOING FOR THE ITALIAN OSM COMMUNITY,"KUCI, ANISA",2022
MAPPING CRISES_COMMUNITIES AND CAPITALISM ON OPENSTREETMAP: SITUATING HUMANITARIAN MAPPING IN THE (OPEN SOURCE) MAPPING SUPPLY CHAIN üéì,"STEELE, ANNE LEE",2022
